{"cameraMode":{"drawMode":0,"name":"Shaded","section":"Shading Mode"},"sceneLighting":true,"audioPlay":false,"sceneViewState":{"showFog":true,"showMaterialUpdate":true,"showSkybox":true,"showFlares":true,"showImageEffects":true,"showParticleSystems":true},"in2DMode":false,"pivot":{"x":0.03791778162121773,"y":-0.04019647836685181,"z":0.0032751678954809906},"rotation":{"x":-0.3067700266838074,"y":-0.4612429440021515,"z":0.17377226054668427,"w":-0.8142306804656982},"size":26.495115280151368,"orthographic":false}