{"cameraMode":{"drawMode":0,"name":"Shaded","section":"Shading Mode"},"sceneLighting":true,"audioPlay":false,"sceneViewState":{"showFog":true,"showMaterialUpdate":true,"showSkybox":true,"showFlares":true,"showImageEffects":true,"showParticleSystems":true},"in2DMode":false,"pivot":{"x":12.111333847045899,"y":77.29478454589844,"z":-15.82526969909668},"rotation":{"x":0.32045477628707888,"y":0.26798081398010256,"z":-0.09505292773246765,"w":0.9035987854003906},"size":140.28512573242188,"orthographic":false}